date,composite,display_score,regime_raw,regime_confirmed,comp_1m_chg,comp_3m_chg,comp_6m_chg,comp_12m_chg,comp_trend_6m,pctile_expanding,direction_flag,streak_months,warning,months_in_regime,dist_to_upgrade,dist_to_downgrade,diffusion,top_drag,top_support,regime_change_watch,breadth_check,comp_expanding_std,comp_rolling_std_10y,curve_env,usrec
2003-06-30,0.5112,3.5112,Expansion,N/A,,,,,,100.0,,42,,42,,0.1612,0.7692,inflation,liquidity,False,,,,,0
2003-07-31,0.8542,3.8542,Expansion,Expansion,0.343,,,,,100.0,,43,,1,,0.5042,0.8462,inflation,growth,False,,,,bear_steepening,0
2003-08-31,0.688,3.688,Expansion,Expansion,-0.1662,,,,,66.6667,,44,,2,,0.338,0.8462,inflation,credit,False,,,,bear_steepening,0
2003-09-30,0.721,3.721,Expansion,Expansion,0.0331,0.2099,,,,75.0,improving,1,,3,,0.371,0.8462,inflation,credit,False,,,,bear_steepening,0
2003-10-31,0.8659,3.8659,Expansion,Expansion,0.1449,0.0117,,,,100.0,flat,1,,4,,0.5159,0.7692,inflation,growth,False,,,,flattening,0
2003-11-30,0.7719,3.7719,Expansion,Expansion,-0.094,0.0839,,,0.7354,66.6667,flat,2,,5,,0.4219,0.7692,inflation,stress,False,,,,flattening,0
2003-12-31,0.8097,3.8097,Expansion,Expansion,0.0379,0.0887,0.2986,,0.7851,71.4286,flat,3,,6,,0.4597,0.7692,inflation,credit,False,narrow,,,,0
2004-01-31,0.8749,3.8749,Expansion,Expansion,0.0651,0.009,0.0207,,0.7886,100.0,flat,4,,7,,0.5249,0.9231,inflation,stress,False,,,,,0
2004-02-29,0.8561,3.8561,Expansion,Expansion,-0.0188,0.0842,0.1681,,0.8166,77.7778,flat,5,,8,,0.5061,0.8462,inflation,stress,False,,,,,0
2004-03-31,0.7737,3.7737,Expansion,Expansion,-0.0824,-0.036,0.0527,,0.8254,50.0,flat,6,,9,,0.4237,0.8462,inflation,growth,False,,,,,0
2004-04-30,0.9917,3.9917,Expansion,Expansion,0.218,0.1168,0.1258,,0.8463,100.0,improving,1,,10,,0.6417,0.8462,inflation,growth,False,,,,,0
2004-05-31,0.8991,3.8991,Expansion,Expansion,-0.0926,0.0429,0.1272,,0.8675,91.6667,flat,1,,11,,0.5491,0.9231,inflation,growth,False,,,,flattening,0
2004-06-30,0.79,3.79,Expansion,Expansion,-0.109,0.0163,-0.0197,0.2789,0.8643,46.1538,flat,2,,12,,0.44,0.9231,inflation,stress,False,,,,flattening,0
2004-07-31,0.8912,3.8912,Expansion,Expansion,0.1012,-0.1005,0.0163,0.0371,0.867,85.7143,deteriorating,1,,13,,0.5412,0.9231,inflation,growth,False,,,,flattening,0
2004-08-31,0.6998,3.6998,Expansion,Expansion,-0.1914,-0.1992,-0.1563,0.0119,0.8409,20.0,deteriorating,2,,14,,0.3498,0.9231,inflation,growth,False,,,,flattening,0
2004-09-30,0.8136,3.8136,Expansion,Expansion,0.1138,0.0236,0.0399,0.0926,0.8476,56.25,flat,1,,15,,0.4636,0.9231,inflation,growth,False,,,,flattening,0
2004-10-31,0.9657,3.9657,Expansion,Expansion,0.152,0.0744,-0.026,0.0998,0.8432,94.1176,flat,2,,16,,0.6157,0.9231,liquidity,growth,False,,,,flattening,0
2004-11-30,0.8788,3.8788,Expansion,Expansion,-0.0868,0.179,-0.0202,0.1069,0.8399,77.7778,improving,1,,17,,0.5288,0.8462,inflation,growth,False,,,,flattening,0
2004-12-31,0.948,3.948,Expansion,Expansion,0.0692,0.1344,0.158,0.1382,0.8662,89.4737,improving,2,,18,,0.598,0.9231,liquidity,growth,False,,,,flattening,0
2005-01-31,0.8946,3.8946,Expansion,Expansion,-0.0534,-0.0711,0.0034,0.0197,0.8668,80.0,flat,1,,19,,0.5446,0.8462,inflation,growth,False,,,,flattening,0
2005-02-28,0.9123,3.9123,Expansion,Expansion,0.0177,0.0334,0.2124,0.0562,0.9022,85.7143,flat,2,,20,,0.5623,0.8462,inflation,credit,False,,,,flattening,0
2005-03-31,0.8432,3.8432,Expansion,Expansion,-0.069,-0.1047,0.0296,0.0695,0.9071,45.4545,deteriorating,1,,21,,0.4932,0.7692,inflation,credit,False,,,,flattening,0
2005-04-30,0.859,3.859,Expansion,Expansion,0.0157,-0.0356,-0.1067,-0.1327,0.8893,56.5217,flat,1,,22,,0.509,0.8462,liquidity,growth,False,,,,flattening,0
2005-05-31,0.5928,3.5928,Expansion,Expansion,-0.2661,-0.3194,-0.286,-0.3062,0.8417,8.3333,deteriorating,1,,23,,0.2428,0.7692,liquidity,growth,False,narrow,0.1142,,flattening,0
2005-06-30,0.6983,3.6983,Expansion,Expansion,0.1054,-0.145,-0.2497,-0.0918,0.8,16.0,deteriorating,2,,24,,0.3483,0.7692,liquidity,growth,False,,0.1144,,flattening,0
2005-07-31,0.764,3.764,Expansion,Expansion,0.0657,-0.095,-0.1306,-0.1272,0.7783,26.9231,flat,1,,25,,0.414,0.8462,liquidity,growth,False,,0.1126,,flattening,0
2005-08-31,0.6397,3.6397,Expansion,Expansion,-0.1243,0.0468,-0.2726,-0.0602,0.7328,11.1111,flat,2,,26,,0.2897,0.7692,liquidity,growth,False,narrow,0.1154,,flattening,0
2005-09-30,0.4359,3.4359,Expansion,Expansion,-0.2037,-0.2623,-0.4073,-0.3777,0.6649,3.5714,deteriorating,1,,27,,0.0859,0.7692,liquidity,stress,True,narrow,0.1333,,,0
2005-10-31,0.3348,3.3348,Neutral,Expansion,-0.1012,-0.4292,-0.5242,-0.6309,0.5776,3.4483,deteriorating,2,,28,0.0152,0.6348,0.6923,liquidity,stress,False,confirmed,0.1562,,,0
2005-11-30,0.3746,3.3746,Expansion,Expansion,0.0398,-0.2651,-0.2182,-0.5042,0.5412,6.6667,deteriorating,3,,29,,0.0246,0.6154,liquidity,stress,True,,0.1703,,,0
2005-12-31,0.3246,3.3246,Neutral,Expansion,-0.0501,-0.1114,-0.3737,-0.6234,0.4789,3.2258,deteriorating,4,deterioration,30,0.0254,0.6246,0.6154,liquidity,stress,False,confirmed,0.1852,,,0
2006-01-31,0.6313,3.6313,Expansion,Expansion,0.3068,0.2965,-0.1326,-0.2633,0.4568,21.875,improving,1,,31,,0.2813,0.7692,liquidity,growth,False,,0.1834,,,0
2006-02-28,0.601,3.601,Expansion,Expansion,-0.0303,0.2264,-0.0387,-0.3113,0.4504,21.2121,improving,2,,32,,0.251,0.8462,liquidity,stress,False,,0.1823,,flattening,0
2006-03-31,0.6801,3.6801,Expansion,Expansion,0.0791,0.3556,0.2442,-0.1631,0.4911,29.4118,improving,3,,33,,0.3301,0.9231,liquidity,stress,False,,0.1798,,,0
2006-04-30,0.5662,3.5662,Expansion,Expansion,-0.1139,-0.0651,0.2314,-0.2927,0.5297,17.1429,flat,1,,34,,0.2162,0.7692,inflation,stress,False,,0.1796,,bear_steepening,0
2006-05-31,0.2994,3.2994,Neutral,Expansion,-0.2668,-0.3016,-0.0752,-0.2934,0.5171,2.7778,deteriorating,1,,35,0.0506,0.5994,0.6923,inflation,stress,False,,0.1914,,bear_steepening,0
2006-06-30,-0.0008,2.9992,Neutral,Neutral,-0.3002,-0.6809,-0.3253,-0.699,0.4629,2.7027,deteriorating,2,,1,0.3508,0.2992,0.6154,inflation,stress,False,narrow,0.2232,,,0
2006-07-31,0.0556,3.0556,Neutral,Neutral,0.0563,-0.5107,-0.5758,-0.7084,0.3669,5.2632,deteriorating,3,deterioration,2,0.2944,0.3556,0.6154,inflation,stress,False,confirmed,0.244,,,0
2006-08-31,-0.0348,2.9652,Neutral,Neutral,-0.0904,-0.3343,-0.6358,-0.6745,0.261,2.5641,deteriorating,4,deterioration,3,0.3848,0.2652,0.5385,inflation,stress,False,confirmed,0.2671,,,0
2006-09-30,0.088,3.088,Neutral,Neutral,0.1228,0.0887,-0.5922,-0.348,0.1623,10.0,flat,1,,4,0.262,0.388,0.5385,inflation,stress,False,confirmed,0.2792,,,0
2006-10-31,0.3147,3.3147,Neutral,Neutral,0.2267,0.2591,-0.2515,-0.0201,0.1203,14.6341,improving,1,,5,0.0353,0.6147,0.6923,inflation,stress,True,narrow,0.2807,,,0
2006-11-30,0.4398,3.4398,Expansion,Neutral,0.1251,0.4746,0.1404,0.0652,0.1437,26.1905,improving,2,,6,,0.0898,0.7692,liquidity,stress,False,,0.2791,,,0
2006-12-31,0.4666,3.4666,Expansion,Expansion,0.0268,0.3786,0.4673,0.142,0.2216,27.907,improving,3,improvement,1,,0.1166,0.6923,liquidity,stress,False,narrow,0.277,,,0
2007-01-31,0.4824,3.4824,Expansion,Expansion,0.0158,0.1677,0.4268,-0.1489,0.2928,29.5455,improving,4,improvement,2,,0.1324,0.8462,inflation,stress,False,confirmed,0.2748,,,0
2007-02-28,0.3624,3.3624,Expansion,Expansion,-0.12,-0.0774,0.3972,-0.2386,0.359,20.0,flat,1,,3,,0.0124,0.7692,inflation,stress,True,confirmed,0.2746,,,0
2007-03-31,0.3059,3.3059,Neutral,Expansion,-0.0565,-0.1607,0.2179,-0.3742,0.3953,13.0435,deteriorating,1,,4,0.0441,0.6059,0.6154,liquidity,stress,False,,0.2756,,,0
2007-04-30,0.4694,3.4694,Expansion,Expansion,0.1635,-0.013,0.1547,-0.0968,0.4211,31.9149,flat,1,,5,,0.1194,0.7692,liquidity,stress,False,,0.2735,,,0
2007-05-31,0.4027,3.4027,Expansion,Expansion,-0.0667,0.0403,-0.037,0.1033,0.4149,25.0,flat,2,,6,,0.0527,0.6923,liquidity,stress,False,,0.2724,,,0
2007-06-30,0.4419,3.4419,Expansion,Expansion,0.0392,0.136,-0.0246,0.4427,0.4108,30.6122,improving,1,,7,,0.0919,0.7692,liquidity,inflation,False,,0.2706,,,0
2007-07-31,0.3698,3.3698,Expansion,Expansion,-0.0721,-0.0996,-0.1126,0.3143,0.392,22.0,flat,1,,8,,0.0198,0.6154,liquidity,inflation,True,,0.27,,,0
2007-08-31,-0.169,2.831,Neutral,Expansion,-0.5389,-0.5718,-0.5314,-0.1342,0.3035,1.9608,deteriorating,1,,9,0.519,0.131,0.4615,liquidity,inflation,False,confirmed,0.2884,,bull_steepening,0
2007-09-30,-0.3165,2.6835,Slowdown,Expansion,-0.1475,-0.7585,-0.6224,-0.4045,0.1997,1.9231,deteriorating,2,,10,0.0165,0.6835,0.3846,liquidity,inflation,False,confirmed,0.3119,,bull_steepening,0
2007-10-31,-0.1393,2.8607,Neutral,Expansion,0.1772,-0.5091,-0.6087,-0.454,0.0983,5.6604,deteriorating,3,deterioration,11,0.4893,0.1607,0.5385,liquidity,inflation,False,confirmed,0.324,,bull_steepening,0
2007-11-30,-0.6322,2.3678,Slowdown,Expansion,-0.4928,-0.4631,-1.0349,-1.072,-0.0742,1.8519,deteriorating,4,deterioration,12,0.3322,0.3678,0.3077,liquidity,growth,False,confirmed,0.3595,,bull_steepening,0
2007-12-31,-0.8661,2.1339,Slowdown,Slowdown,-0.234,-0.5496,-1.3081,-1.3327,-0.2922,1.8182,deteriorating,5,deterioration,1,0.5661,0.1339,0.3077,credit,growth,False,confirmed,0.4032,,bull_steepening,0
2008-01-31,-0.8258,2.1742,Slowdown,Slowdown,0.0403,-0.6865,-1.1957,-1.3082,-0.4915,3.5714,deteriorating,6,deterioration,2,0.5258,0.1742,0.3077,credit,inflation,False,confirmed,0.4377,,bull_steepening,1
2008-02-29,-0.8852,2.1148,Slowdown,Slowdown,-0.0594,-0.2531,-0.7162,-1.2476,-0.6109,1.7544,deteriorating,7,deterioration,3,0.5852,0.1148,0.2308,credit,inflation,False,confirmed,0.4703,,bull_steepening,1
2008-03-31,-1.1433,1.8567,Contraction,Slowdown,-0.2581,-0.2772,-0.8268,-1.4492,-0.7487,1.7241,deteriorating,8,deterioration,4,0.1433,,0.2308,credit,inflation,False,confirmed,0.5116,,bull_steepening,1
2008-04-30,-0.9537,2.0463,Slowdown,Slowdown,0.1896,-0.1279,-0.8144,-1.4231,-0.8844,3.3898,deteriorating,9,deterioration,5,0.6537,0.0463,0.3077,credit,inflation,True,confirmed,0.5385,,,1
2008-05-31,-0.6168,2.3832,Slowdown,Slowdown,0.337,0.2685,0.0154,-1.0195,-0.8818,11.6667,improving,1,,6,0.3168,0.3832,0.4615,credit,inflation,False,,0.5502,,flattening,1
2008-06-30,-0.7269,2.2731,Slowdown,Slowdown,-0.1101,0.4164,0.1393,-1.1688,-0.8586,9.8361,improving,2,,7,0.4269,0.2731,0.3077,growth,inflation,False,,0.5641,,flattening,1
2008-07-31,-0.9769,2.0231,Slowdown,Slowdown,-0.25,-0.0231,-0.151,-1.3467,-0.8838,3.2258,flat,1,,8,0.6769,0.0231,0.1538,growth,inflation,True,,0.5853,,,1
2008-08-31,-1.0909,1.9091,Contraction,Slowdown,-0.114,-0.4741,-0.2057,-0.9219,-0.9181,3.1746,deteriorating,1,,9,0.0909,,0.2308,growth,inflation,False,,0.6084,,,1
2008-09-30,-1.2853,1.7147,Contraction,Contraction,-0.1944,-0.5585,-0.142,-0.9688,-0.9417,1.5625,deteriorating,2,,1,0.2853,,0.2308,growth,inflation,False,,0.6365,,bull_steepening,1
2008-10-31,-1.9132,1.0868,Contraction,Contraction,-0.6279,-0.9364,-0.9595,-1.7739,-1.1017,1.5385,deteriorating,3,deterioration,2,0.9132,,0.1538,growth,inflation,False,confirmed,0.6889,,bull_steepening,1
2008-11-30,-2.0518,1.0,Contraction,Contraction,-0.1386,-0.9609,-1.435,-1.4197,-1.3408,1.5152,deteriorating,4,deterioration,3,1.0518,,0.1538,growth,inflation,False,confirmed,0.741,,bull_steepening,1
2008-12-31,-2.1504,1.0,Contraction,Contraction,-0.0986,-0.8651,-1.4235,-1.2843,-1.5781,1.4925,deteriorating,5,deterioration,4,1.1504,,0.1538,growth,inflation,False,confirmed,0.7911,,flattening,1
2009-01-31,-2.1013,1.0,Contraction,Contraction,0.049,-0.1881,-1.1245,-1.2755,-1.7655,2.9412,deteriorating,6,deterioration,5,1.1013,,0.1538,growth,inflation,False,narrow,0.8333,,flattening,1
2009-02-28,-2.0129,1.0,Contraction,Contraction,0.0884,0.0389,-0.922,-1.1277,-1.9192,5.7971,flat,1,,6,1.0129,,0.1538,growth,inflation,False,narrow,0.8678,,,1
2009-03-31,-1.9689,1.0311,Contraction,Contraction,0.0441,0.1815,-0.6836,-0.8256,-2.0331,7.1429,improving,1,,7,0.9689,,0.1538,growth,inflation,False,narrow,0.8975,,bear_steepening,1
2009-04-30,-1.6453,1.3547,Contraction,Contraction,0.3236,0.4561,0.268,-0.6915,-1.9884,9.8592,improving,2,,8,0.6453,,0.1538,growth,liquidity,False,narrow,0.915,,bear_steepening,1
2009-05-31,-1.1145,1.8855,Contraction,Contraction,0.5308,0.8985,0.9373,-0.4977,-1.8322,13.8889,improving,3,improvement,9,0.1145,,0.2308,growth,liquidity,False,narrow,0.9194,,bear_steepening,1
2009-06-30,-0.8121,2.1879,Slowdown,Contraction,0.3024,1.1568,1.3383,-0.0853,-1.6092,23.2877,improving,4,improvement,10,0.5121,0.1879,0.2308,growth,credit,False,narrow,0.9187,,bear_steepening,1
2009-07-31,-0.6414,2.3586,Slowdown,Slowdown,0.1707,1.0039,1.4599,0.3354,-1.3658,25.6757,improving,5,improvement,1,0.3414,0.3586,0.2308,growth,credit,False,narrow,0.9159,,,0
2009-08-31,-0.4331,2.5669,Slowdown,Slowdown,0.2084,0.6814,1.5799,0.6578,-1.1025,29.3333,improving,6,improvement,2,0.1331,0.5669,0.2308,growth,credit,False,narrow,0.9114,,,0
2009-09-30,-0.3443,2.6557,Slowdown,Slowdown,0.0887,0.4678,1.6245,0.941,-0.8318,30.2632,improving,7,improvement,3,0.0443,0.6557,0.2308,growth,credit,True,narrow,0.9064,,,0
2009-10-31,-0.1701,2.8299,Neutral,Slowdown,0.1742,0.4713,1.4752,1.7431,-0.5859,32.4675,improving,8,improvement,4,0.5201,0.1299,0.3077,growth,credit,False,confirmed,0.9007,,,0
2009-11-30,-0.1971,2.8029,Neutral,Neutral,-0.027,0.236,0.9174,1.8547,-0.433,32.0513,improving,9,improvement,1,0.5471,0.1029,0.3077,growth,credit,False,narrow,0.8952,,,0
2009-12-31,-0.1396,2.8604,Neutral,Neutral,0.0575,0.2047,0.6725,2.0108,-0.3209,35.443,improving,10,improvement,2,0.4896,0.1604,0.3846,inflation,liquidity,False,confirmed,0.8896,,bear_steepening,0
2010-01-31,0.0087,3.0087,Neutral,Neutral,0.1483,0.1788,0.6501,2.1101,-0.2126,40.0,improving,11,improvement,3,0.3413,0.3087,0.6923,inflation,credit,False,confirmed,0.884,,bear_steepening,0
2010-02-28,-0.122,2.878,Neutral,Neutral,-0.1307,0.0751,0.311,1.8909,-0.1607,37.037,flat,1,,4,0.472,0.178,0.4615,inflation,liquidity,False,confirmed,0.8786,,bear_steepening,0
2010-03-31,0.0812,3.0812,Neutral,Neutral,0.2032,0.2208,0.4255,2.05,-0.0898,42.6829,improving,1,,5,0.2688,0.3812,0.6923,inflation,liquidity,False,confirmed,0.8731,,,0
2010-04-30,0.3434,3.3434,Neutral,Neutral,0.2623,0.3347,0.5135,1.9887,-0.0042,50.6024,improving,2,,6,0.0066,0.6434,0.7692,inflation,liquidity,True,confirmed,0.8685,,,0
2010-05-31,0.2042,3.2042,Neutral,Neutral,-0.1393,0.3262,0.4012,1.3186,0.0626,44.0476,improving,3,improvement,7,0.1458,0.5042,0.4615,stress,growth,False,confirmed,0.8635,,flattening,0
2010-06-30,0.0582,3.0582,Neutral,Neutral,-0.1459,-0.0229,0.1978,0.8703,0.0956,41.1765,flat,1,,8,0.2918,0.3582,0.3077,stress,growth,False,,0.8583,,flattening,0
2010-07-31,0.1765,3.1765,Neutral,Neutral,0.1182,-0.167,0.1678,0.8179,0.1236,44.186,deteriorating,1,,9,0.1735,0.4765,0.6154,credit,growth,False,,0.8534,,flattening,0
2010-08-31,0.0196,3.0196,Neutral,Neutral,-0.1569,-0.1846,0.1416,0.4527,0.1472,39.0805,deteriorating,2,,10,0.3304,0.3196,0.4615,credit,growth,False,,0.8484,,flattening,0
2010-09-30,0.0608,3.0608,Neutral,Neutral,0.0412,0.0025,-0.0204,0.4051,0.1438,42.0455,flat,1,,11,0.2892,0.3608,0.4615,credit,liquidity,False,,0.8436,,flattening,0
2010-10-31,0.1128,3.1128,Neutral,Neutral,0.052,-0.0637,-0.2307,0.2829,0.1053,44.9438,flat,2,,12,0.2372,0.4128,0.6923,credit,growth,False,,0.8388,,,0
2010-11-30,0.1347,3.1347,Neutral,Neutral,0.0219,0.1151,-0.0695,0.3318,0.0938,45.5556,improving,1,,13,0.2153,0.4347,0.6923,credit,growth,False,,0.8341,,bear_steepening,0
2010-12-31,0.3108,3.3108,Neutral,Neutral,0.1762,0.2501,0.2526,0.4505,0.1359,50.5495,improving,2,,14,0.0392,0.6108,0.6923,inflation,liquidity,True,confirmed,0.83,,bear_steepening,0
2011-01-31,0.3016,3.3016,Neutral,Neutral,-0.0092,0.1888,0.1251,0.2929,0.1567,48.913,improving,3,,15,0.0484,0.6016,0.7692,inflation,liquidity,True,,0.8259,,bear_steepening,0
2011-02-28,0.2784,3.2784,Neutral,Neutral,-0.0232,0.1437,0.2588,0.4004,0.1998,47.3118,improving,4,improvement,16,0.0716,0.5784,0.7692,inflation,liquidity,True,confirmed,0.8218,,bear_steepening,0
2011-03-31,0.2392,3.2392,Neutral,Neutral,-0.0392,-0.0717,0.1784,0.158,0.2296,46.8085,flat,1,,17,0.1108,0.5392,0.8462,inflation,liquidity,False,,0.8176,,,0
2011-04-30,0.3609,3.3609,Expansion,Neutral,0.1217,0.0593,0.2481,0.0175,0.2709,56.8421,flat,2,,18,,0.0109,0.6923,inflation,stress,False,,0.8139,,,0
2011-05-31,0.3072,3.3072,Neutral,Neutral,-0.0537,0.0288,0.1725,0.103,0.2997,51.0417,flat,3,,19,0.0428,0.6072,0.7692,inflation,stress,True,,0.81,,,0
2011-06-30,0.1929,3.1929,Neutral,Neutral,-0.1143,-0.0463,-0.1179,0.1347,0.28,44.3299,flat,4,,20,0.1571,0.4929,0.6923,inflation,liquidity,False,,0.8059,,,0
2011-07-31,0.1379,3.1379,Neutral,Neutral,-0.055,-0.223,-0.1637,-0.0386,0.2527,42.8571,deteriorating,1,,21,0.2121,0.4379,0.6923,inflation,liquidity,False,,0.8018,,flattening,0
2011-08-31,-0.231,2.769,Neutral,Neutral,-0.3689,-0.5382,-0.5094,-0.2506,0.1678,25.2525,deteriorating,2,,22,0.581,0.069,0.4615,credit,liquidity,True,confirmed,0.7982,,flattening,0
2011-09-30,-0.366,2.634,Slowdown,Neutral,-0.135,-0.5589,-0.6052,-0.4268,0.067,23.0,deteriorating,3,deterioration,23,0.066,0.634,0.3077,credit,liquidity,False,confirmed,0.7953,,flattening,0
2011-10-31,-0.1049,2.8951,Neutral,Neutral,0.2611,-0.2428,-0.4658,-0.2177,-0.0107,32.6733,deteriorating,4,deterioration,24,0.4549,0.1951,0.4615,credit,growth,False,confirmed,0.7914,,flattening,0
2011-11-30,-0.0945,2.9055,Neutral,Neutral,0.0104,0.1365,-0.4017,-0.2292,-0.0776,33.3333,improving,1,,25,0.4445,0.2055,0.4615,credit,growth,False,confirmed,0.7876,,,0
2011-12-31,-0.0503,2.9497,Neutral,Neutral,0.0442,0.3157,-0.2432,-0.3612,-0.1181,33.9806,improving,2,,26,0.4003,0.2497,0.4615,credit,growth,False,,0.7838,,,0
2012-01-31,0.1576,3.1576,Neutral,Neutral,0.208,0.2625,0.0197,-0.144,-0.1149,46.1538,improving,3,,27,0.1924,0.4576,0.6923,credit,growth,False,,0.7801,,flattening,0
2012-02-29,0.2591,3.2591,Neutral,Neutral,0.1015,0.3536,0.4901,-0.0193,-0.0332,50.4762,improving,4,improvement,28,0.0909,0.5591,0.6923,credit,stress,True,confirmed,0.7766,,,0
2012-03-31,0.3341,3.3341,Neutral,Neutral,0.075,0.3845,0.7001,0.095,0.0835,58.4906,improving,5,improvement,29,0.0159,0.6341,0.7692,credit,stress,True,confirmed,0.7734,,bear_steepening,0
2012-04-30,0.3015,3.3015,Neutral,Neutral,-0.0327,0.1438,0.4063,-0.0594,0.1512,52.3364,improving,6,improvement,30,0.0485,0.6015,0.7692,credit,stress,True,confirmed,0.7701,,,0
2012-05-31,0.0555,3.0555,Neutral,Neutral,-0.246,-0.2036,0.15,-0.2517,0.1762,37.037,deteriorating,1,,31,0.2945,0.3555,0.6154,credit,stress,False,,0.7665,,flattening,0
2012-06-30,0.054,3.054,Neutral,Neutral,-0.0014,-0.2801,0.1044,-0.1389,0.1936,36.6972,deteriorating,2,,32,0.296,0.354,0.6154,credit,stress,False,,0.763,,flattening,0
2012-07-31,0.1289,3.1289,Neutral,Neutral,0.0748,-0.1726,-0.0288,-0.0091,0.1888,43.6364,deteriorating,3,,33,0.2211,0.4289,0.6154,credit,stress,False,,0.7595,,flattening,0
2012-08-31,0.1227,3.1227,Neutral,Neutral,-0.0061,0.0672,-0.1364,0.3537,0.1661,43.2432,flat,1,,34,0.2273,0.4227,0.5385,growth,stress,False,,0.7561,,,0
2012-09-30,0.1898,3.1898,Neutral,Neutral,0.0671,0.1358,-0.1443,0.5558,0.1421,48.2143,improving,1,,35,0.1602,0.4898,0.6923,growth,stress,False,,0.7528,,,0
2012-10-31,0.2654,3.2654,Neutral,Neutral,0.0756,0.1365,-0.0361,0.3703,0.136,52.2124,improving,2,,36,0.0846,0.5654,0.7692,growth,stress,True,,0.7497,,,0
2012-11-30,0.2537,3.2537,Neutral,Neutral,-0.0117,0.131,0.1982,0.3482,0.1691,50.8772,improving,3,,37,0.0963,0.5537,0.6923,growth,stress,True,,0.7466,,,0
2012-12-31,0.2712,3.2712,Neutral,Neutral,0.0174,0.0814,0.2171,0.3215,0.2053,53.0435,flat,1,,38,0.0788,0.5712,0.7692,growth,stress,True,,0.7436,,,0
2013-01-31,0.3833,3.3833,Expansion,Neutral,0.1122,0.1179,0.2545,0.2257,0.2477,67.2414,improving,1,,39,,0.0333,0.7692,inflation,stress,False,confirmed,0.7409,,bear_steepening,0
2013-02-28,0.2946,3.2946,Neutral,Neutral,-0.0887,0.0409,0.1719,0.0355,0.2763,53.8462,flat,1,,40,0.0554,0.5946,0.7692,inflation,stress,True,,0.7381,,bear_steepening,0
2013-03-31,0.3034,3.3034,Neutral,Neutral,0.0088,0.0322,0.1136,-0.0307,0.2953,56.7797,flat,2,,41,0.0466,0.6034,0.7692,inflation,stress,True,,0.7352,,,0
2013-04-30,0.2978,3.2978,Neutral,Neutral,-0.0056,-0.0855,0.0324,-0.0036,0.3007,53.7815,flat,3,,42,0.0522,0.5978,0.6923,credit,stress,False,,0.7324,,flattening,0
2013-05-31,0.2424,3.2424,Neutral,Neutral,-0.0554,-0.0522,-0.0113,0.1869,0.2988,48.3333,flat,4,,43,0.1076,0.5424,0.6923,growth,stress,False,,0.7295,0.7295,bear_steepening,0
2013-06-30,0.1722,3.1722,Neutral,Neutral,-0.0702,-0.1312,-0.0989,0.1182,0.2823,43.8017,deteriorating,1,,44,0.1778,0.4722,0.6923,growth,stress,False,,0.7265,0.7284,bear_steepening,0
2013-07-31,0.276,3.276,Neutral,Neutral,0.1037,-0.0218,-0.1073,0.1471,0.2644,52.459,flat,1,,45,0.074,0.576,0.6923,inflation,stress,False,,0.7238,0.7251,bear_steepening,0
2013-08-31,0.3127,3.3127,Neutral,Neutral,0.0367,0.0703,0.0181,0.19,0.2674,60.9756,flat,2,,46,0.0373,0.6127,0.8462,inflation,stress,True,,0.7211,0.7232,bear_steepening,0
2013-09-30,0.313,3.313,Neutral,Neutral,0.0003,0.1408,0.0096,0.1232,0.269,61.2903,improving,1,,47,0.037,0.613,0.7692,inflation,stress,True,,0.7185,0.721,,0
2013-10-31,0.3869,3.3869,Expansion,Neutral,0.0739,0.1109,0.0891,0.1215,0.2839,69.6,improving,2,,48,,0.0369,0.7692,inflation,stress,False,,0.7162,0.7178,,0
2013-11-30,0.3693,3.3693,Expansion,Expansion,-0.0176,0.0566,0.1269,0.1156,0.305,66.6667,flat,1,,1,,0.0193,0.7692,inflation,stress,False,,0.7138,0.7153,,0
2013-12-31,0.4387,3.4387,Expansion,Expansion,0.0694,0.1257,0.2664,0.1675,0.3494,71.6535,improving,1,,2,,0.0887,0.6923,inflation,stress,False,narrow,0.7116,0.7128,bear_steepening,0
2014-01-31,0.3574,3.3574,Expansion,Expansion,-0.0813,-0.0295,0.0814,-0.026,0.363,64.0625,flat,1,,3,,0.0074,0.6923,inflation,stress,True,,0.7092,0.7092,,0
2014-02-28,0.2518,3.2518,Neutral,Expansion,-0.1056,-0.1175,-0.061,-0.0429,0.3528,46.5116,deteriorating,1,,4,0.0982,0.5518,0.6923,growth,stress,False,,0.7066,0.7055,,0
2014-03-31,0.3157,3.3157,Neutral,Neutral,0.0639,-0.123,0.0027,0.0122,0.3533,60.7692,deteriorating,2,,1,0.0343,0.6157,0.7692,growth,stress,False,,0.7042,0.7027,flattening,0
2014-04-30,0.4796,3.4796,Expansion,Neutral,0.1639,0.1222,0.0927,0.1818,0.3687,75.5725,improving,1,,2,,0.1296,0.7692,inflation,stress,False,,0.7023,0.6984,,0
2014-05-31,0.543,3.543,Expansion,Expansion,0.0634,0.2912,0.1737,0.3005,0.3977,77.2727,improving,2,,1,,0.193,0.7692,inflation,stress,False,,0.7007,0.6954,flattening,0
2014-06-30,0.5528,3.5528,Expansion,Expansion,0.0098,0.2371,0.1141,0.3805,0.4167,77.4436,improving,3,,2,,0.2028,0.8462,inflation,stress,False,,0.6992,0.6935,flattening,0
2014-07-31,0.637,3.637,Expansion,Expansion,0.0842,0.1574,0.2796,0.361,0.4633,80.597,improving,4,improvement,3,,0.287,0.8462,inflation,growth,False,confirmed,0.6981,0.6912,flattening,0
2014-08-31,0.4659,3.4659,Expansion,Expansion,-0.1711,-0.0771,0.2141,0.1532,0.499,71.8519,flat,1,,4,,0.1159,0.8462,inflation,growth,False,,0.6962,0.6896,flattening,0
2014-09-30,0.4507,3.4507,Expansion,Expansion,-0.0152,-0.1021,0.135,0.1376,0.5215,71.3235,deteriorating,1,,5,,0.1007,0.8462,inflation,growth,False,,0.6943,0.6869,,0
2014-10-31,0.426,3.426,Expansion,Expansion,-0.0246,-0.211,-0.0536,0.0392,0.5126,67.8832,deteriorating,2,,6,,0.076,0.8462,inflation,growth,True,,0.6922,0.6824,,0
2014-11-30,0.3367,3.3367,Neutral,Expansion,-0.0894,-0.1292,-0.2063,-0.0326,0.4782,60.1449,deteriorating,3,,7,0.0133,0.6367,0.7692,inflation,stress,False,,0.69,0.6783,,0
2014-12-31,0.2466,3.2466,Neutral,Neutral,-0.0901,-0.2041,-0.3062,-0.1921,0.4271,43.1655,deteriorating,4,deterioration,1,0.1034,0.5466,0.7692,inflation,growth,False,narrow,0.6876,0.6731,flattening,0
2015-01-31,0.2657,3.2657,Neutral,Neutral,0.0191,-0.1604,-0.3713,-0.0917,0.3653,46.4286,deteriorating,5,deterioration,2,0.0843,0.5657,0.7692,credit,growth,False,narrow,0.6852,0.6685,flattening,0
2015-02-28,0.2927,3.2927,Neutral,Neutral,0.0271,-0.0439,-0.1732,0.041,0.3364,48.9362,flat,1,,3,0.0573,0.5927,0.6923,inflation,growth,False,,0.6829,0.6638,flattening,0
2015-03-31,0.2387,3.2387,Neutral,Neutral,-0.054,-0.0079,-0.2119,-0.0769,0.3011,40.8451,flat,2,,4,0.1113,0.5387,0.6923,inflation,stress,False,,0.6806,0.6595,,0
2015-04-30,0.3438,3.3438,Neutral,Neutral,0.105,0.0781,-0.0823,-0.1358,0.2874,62.2378,flat,3,,5,0.0062,0.6438,0.6923,inflation,growth,True,,0.6785,0.6554,bear_steepening,0
2015-05-31,0.2249,3.2249,Neutral,Neutral,-0.1189,-0.0678,-0.1118,-0.3181,0.2687,40.2778,flat,4,,6,0.1251,0.5249,0.6154,inflation,stress,False,,0.6761,0.6534,,0
2015-06-30,0.1838,3.1838,Neutral,Neutral,-0.0411,-0.055,-0.0628,-0.369,0.2583,37.931,flat,5,,7,0.1662,0.4838,0.6154,inflation,stress,False,,0.6738,0.6503,bear_steepening,0
2015-07-31,0.1594,3.1594,Neutral,Neutral,-0.0244,-0.1844,-0.1063,-0.4776,0.2406,36.3014,deteriorating,1,,8,0.1906,0.4594,0.6923,inflation,growth,False,,0.6715,0.6464,,0
2015-08-31,-0.0745,2.9255,Neutral,Neutral,-0.2339,-0.2994,-0.3672,-0.5404,0.1793,23.8095,deteriorating,2,,9,0.4245,0.2255,0.5385,credit,stress,False,confirmed,0.6694,0.6435,,0
2015-09-30,-0.1971,2.8029,Neutral,Neutral,-0.1226,-0.3809,-0.4358,-0.6477,0.1067,18.9189,deteriorating,3,deterioration,10,0.5471,0.1029,0.3846,credit,growth,False,confirmed,0.6676,0.6421,flattening,0
2015-10-31,-0.1135,2.8865,Neutral,Neutral,0.0835,-0.2729,-0.4573,-0.5396,0.0305,22.8188,deteriorating,4,deterioration,11,0.4635,0.1865,0.5385,credit,stress,False,confirmed,0.6656,0.6412,,0
2015-11-30,-0.1309,2.8691,Neutral,Neutral,-0.0173,-0.0564,-0.3558,-0.4675,-0.0288,22.0,flat,1,,12,0.4809,0.1691,0.4615,credit,stress,False,confirmed,0.6637,0.6401,,0
2015-12-31,-0.1609,2.8391,Neutral,Neutral,-0.0301,0.0362,-0.3447,-0.4075,-0.0863,20.5298,flat,2,,13,0.5109,0.1391,0.4615,credit,stress,False,confirmed,0.6618,0.6392,flattening,0
2016-01-31,-0.2254,2.7746,Neutral,Neutral,-0.0644,-0.1118,-0.3848,-0.491,-0.1504,17.7632,deteriorating,1,,14,0.5754,0.0746,0.3846,credit,growth,True,confirmed,0.6602,0.6363,flattening,0
2016-02-29,-0.261,2.739,Neutral,Neutral,-0.0356,-0.1301,-0.1865,-0.5537,-0.1815,16.9935,deteriorating,2,,15,0.611,0.039,0.3077,credit,growth,True,,0.6587,0.6335,flattening,0
2016-03-31,-0.0564,2.9436,Neutral,Neutral,0.2045,0.1045,0.1407,-0.2952,-0.158,27.2727,improving,1,,16,0.4064,0.2436,0.3846,inflation,stress,False,,0.6567,0.6298,,0
2016-04-30,0.0788,3.0788,Neutral,Neutral,0.1352,0.3041,0.1923,-0.265,-0.126,34.1935,improving,2,,17,0.2712,0.3788,0.6154,inflation,stress,False,,0.6545,0.6272,,0
2016-05-31,0.0088,3.0088,Neutral,Neutral,-0.07,0.2698,0.1397,-0.2161,-0.1027,30.1282,improving,3,,18,0.3412,0.3088,0.4615,inflation,stress,False,,0.6525,0.6262,,0
2016-06-30,-0.0225,2.9775,Neutral,Neutral,-0.0313,0.0339,0.1384,-0.2063,-0.0796,28.6624,flat,1,,19,0.3725,0.2775,0.3846,inflation,stress,False,,0.6504,0.6262,,0
2016-07-31,0.1979,3.1979,Neutral,Neutral,0.2204,0.1191,0.4232,0.0385,-0.0091,44.3038,improving,1,,20,0.1521,0.4979,0.6154,liquidity,stress,False,confirmed,0.6484,0.6266,flattening,0
2016-08-31,0.2284,3.2284,Neutral,Neutral,0.0306,0.2196,0.4894,0.3029,0.0725,45.9119,improving,2,,21,0.1216,0.5284,0.6923,liquidity,stress,False,confirmed,0.6464,0.6272,,0
2016-09-30,0.1917,3.1917,Neutral,Neutral,-0.0367,0.2143,0.2482,0.3888,0.1138,43.125,improving,3,,22,0.1583,0.4917,0.6923,liquidity,stress,False,,0.6444,0.6275,,0
2016-10-31,0.2009,3.2009,Neutral,Neutral,0.0092,0.0031,0.1222,0.3145,0.1342,44.7205,flat,1,,23,0.1491,0.5009,0.6923,liquidity,stress,False,,0.6425,0.627,,0
2016-11-30,0.2088,3.2088,Neutral,Neutral,0.0079,-0.0196,0.2,0.3397,0.1675,45.679,flat,2,,24,0.1412,0.5088,0.6923,liquidity,stress,False,,0.6405,0.6258,bear_steepening,0
2016-12-31,0.3072,3.3072,Neutral,Neutral,0.0984,0.1154,0.3297,0.4681,0.2225,60.1227,improving,1,,25,0.0428,0.6072,0.6923,inflation,stress,True,confirmed,0.6387,0.6248,bear_steepening,0
2017-01-31,0.3898,3.3898,Expansion,Neutral,0.0826,0.1889,0.1919,0.6152,0.2545,71.9512,improving,2,,26,,0.0398,0.7692,liquidity,stress,False,,0.6371,0.6241,bear_steepening,0
2017-02-28,0.3232,3.3232,Neutral,Neutral,-0.0666,0.1143,0.0947,0.5841,0.2703,63.0303,improving,3,,27,0.0268,0.6232,0.6154,liquidity,stress,True,,0.6354,0.6239,,0
2017-03-31,0.3678,3.3678,Expansion,Neutral,0.0446,0.0606,0.1761,0.4242,0.2996,68.6747,flat,1,,28,,0.0178,0.6923,liquidity,stress,False,,0.6338,0.6242,,0
2017-04-30,0.3714,3.3714,Expansion,Expansion,0.0036,-0.0184,0.1705,0.2926,0.328,70.0599,flat,2,,1,,0.0214,0.9231,liquidity,stress,True,,0.6322,0.6236,flattening,0
2017-05-31,0.3341,3.3341,Neutral,Expansion,-0.0373,0.0109,0.1253,0.3253,0.3489,63.0952,flat,3,,2,0.0159,0.6341,0.7692,liquidity,stress,True,,0.6306,0.6232,flattening,0
2017-06-30,0.3389,3.3389,Neutral,Neutral,0.0048,-0.0289,0.0317,0.3614,0.3542,65.0888,flat,4,,1,0.0111,0.6389,0.7692,liquidity,stress,False,,0.6289,0.6225,,0
2017-07-31,0.4495,3.4495,Expansion,Neutral,0.1106,0.0781,0.0597,0.2516,0.3641,76.4706,flat,5,,2,,0.0995,0.7692,liquidity,stress,False,,0.6276,0.623,,0
2017-08-31,0.3284,3.3284,Neutral,Neutral,-0.1211,-0.0057,0.0052,0.1,0.365,61.9883,flat,6,,3,0.0216,0.6284,0.6923,liquidity,stress,False,,0.6259,0.6241,,0
2017-09-30,0.282,3.282,Neutral,Neutral,-0.0464,-0.0569,-0.0858,0.0903,0.3507,51.7442,flat,7,,4,0.068,0.582,0.6923,liquidity,stress,False,,0.6242,0.6246,,0
2017-10-31,0.4703,3.4703,Expansion,Neutral,0.1882,0.0208,0.0989,0.2693,0.3672,79.1908,flat,8,,5,,0.1203,0.8462,liquidity,stress,False,,0.623,0.6266,,0
2017-11-30,0.3804,3.3804,Expansion,Expansion,-0.0898,0.0521,0.0464,0.1716,0.3749,70.6897,flat,9,,1,,0.0304,0.7692,liquidity,stress,False,,0.6215,0.6258,,0
2017-12-31,0.4119,3.4119,Expansion,Expansion,0.0315,0.1299,0.0731,0.1048,0.3871,73.1429,improving,1,,2,,0.0619,0.7692,liquidity,stress,False,,0.6201,0.6229,flattening,0
2018-01-31,0.4779,3.4779,Expansion,Expansion,0.0659,0.0076,0.0284,0.0881,0.3918,79.5455,flat,1,,3,,0.1279,0.8462,liquidity,credit,False,,0.6189,0.6206,flattening,0
2018-02-28,0.2731,3.2731,Neutral,Expansion,-0.2048,-0.1074,-0.0553,-0.0501,0.3826,49.1525,deteriorating,1,,4,0.0769,0.5731,0.7692,liquidity,credit,False,,0.6172,0.6164,,0
2018-03-31,0.2282,3.2282,Neutral,Neutral,-0.0449,-0.1837,-0.0538,-0.1396,0.3736,42.6966,deteriorating,2,,1,0.1218,0.5282,0.8462,liquidity,credit,False,,0.6155,0.6083,,0
2018-04-30,0.3223,3.3223,Neutral,Neutral,0.0941,-0.1556,-0.1479,-0.0491,0.349,59.7765,deteriorating,3,,2,0.0277,0.6223,0.8462,liquidity,growth,False,,0.614,0.6029,,0
2018-05-31,0.2587,3.2587,Neutral,Neutral,-0.0636,-0.0144,-0.1217,-0.0754,0.3287,46.6667,flat,1,,3,0.0913,0.5587,0.7692,liquidity,stress,False,,0.6123,0.6008,,0
2018-06-30,0.2626,3.2626,Neutral,Neutral,0.0039,0.0344,-0.1494,-0.0763,0.3038,47.5138,flat,2,,4,0.0874,0.5626,0.6923,liquidity,stress,True,,0.6107,0.5976,,0
2018-07-31,0.3335,3.3335,Neutral,Neutral,0.0709,0.0112,-0.1444,-0.116,0.2797,62.0879,flat,3,,5,0.0165,0.6335,0.7692,liquidity,stress,True,,0.6092,0.5914,,0
2018-08-31,0.3062,3.3062,Neutral,Neutral,-0.0273,0.0475,0.0331,-0.0221,0.2853,55.7377,flat,4,,6,0.0438,0.6062,0.6923,liquidity,stress,True,,0.6076,0.5831,,0
2018-09-30,0.3516,3.3516,Expansion,Neutral,0.0453,0.089,0.1233,0.0695,0.3058,66.3043,flat,5,,7,,0.0016,0.6923,liquidity,stress,False,,0.6062,0.5711,,0
2018-10-31,0.2469,3.2469,Neutral,Neutral,-0.1046,-0.0865,-0.0754,-0.2233,0.2933,44.3243,flat,6,,8,0.1031,0.5469,0.8462,liquidity,growth,False,,0.6046,0.5423,,0
2018-11-30,0.0951,3.0951,Neutral,Neutral,-0.1518,-0.2111,-0.1636,-0.2853,0.266,31.1828,deteriorating,1,,9,0.2549,0.3951,0.6154,liquidity,inflation,False,,0.603,0.5062,,0
2018-12-31,-0.1401,2.8599,Neutral,Neutral,-0.2352,-0.4916,-0.4026,-0.552,0.1989,18.1818,deteriorating,2,,10,0.4901,0.1599,0.3846,liquidity,inflation,False,confirmed,0.6017,0.4633,,0
2019-01-31,0.0219,3.0219,Neutral,Neutral,0.162,-0.225,-0.3116,-0.4559,0.147,27.1277,deteriorating,3,deterioration,11,0.3281,0.3219,0.7692,liquidity,inflation,False,narrow,0.6001,0.417,,0
2019-02-28,0.0727,3.0727,Neutral,Neutral,0.0507,-0.0224,-0.2336,-0.2004,0.108,30.1587,flat,1,,12,0.2773,0.3727,0.6154,liquidity,stress,False,,0.5985,0.3683,,0
2019-03-31,0.0963,3.0963,Neutral,Neutral,0.0237,0.2364,-0.2552,-0.1319,0.0655,32.6316,improving,1,,13,0.2537,0.3963,0.6154,liquidity,stress,False,narrow,0.597,0.3135,,0
2019-04-30,0.198,3.198,Neutral,Neutral,0.1016,0.176,-0.049,-0.1243,0.0573,40.3141,improving,2,,14,0.152,0.498,0.6923,liquidity,stress,False,,0.5954,0.2666,,0
2019-05-31,0.1149,3.1149,Neutral,Neutral,-0.083,0.0423,0.0198,-0.1438,0.0606,33.3333,flat,1,,15,0.2351,0.4149,0.6154,liquidity,stress,False,,0.5939,0.2394,,0
2019-06-30,0.1234,3.1234,Neutral,Neutral,0.0085,0.0271,0.2635,-0.1392,0.1045,34.1969,flat,2,,16,0.2266,0.4234,0.6923,liquidity,stress,False,confirmed,0.5923,0.2216,,0
2019-07-31,0.2732,3.2732,Neutral,Neutral,0.1498,0.0753,0.2513,-0.0603,0.1464,51.5464,flat,3,,17,0.0768,0.5732,0.7692,liquidity,stress,True,narrow,0.5909,0.2084,,0
2019-08-31,0.1025,3.1025,Neutral,Neutral,-0.1708,-0.0125,0.0298,-0.2038,0.1514,32.3077,flat,4,,18,0.2475,0.4025,0.6923,liquidity,stress,False,,0.5893,0.2006,,0
2019-09-30,0.1426,3.1426,Neutral,Neutral,0.0401,0.0191,0.0463,-0.209,0.1591,36.2245,flat,5,,19,0.2074,0.4426,0.7692,liquidity,stress,False,,0.5878,0.1945,,0
2019-10-31,0.1806,3.1806,Neutral,Neutral,0.038,-0.0926,-0.0174,-0.0664,0.1562,38.5787,flat,6,,20,0.1694,0.4806,0.7692,liquidity,stress,False,,0.5863,0.1916,,0
2019-11-30,0.1597,3.1597,Neutral,Neutral,-0.0209,0.0572,0.0447,0.0646,0.1637,37.3737,flat,7,,21,0.1903,0.4597,0.6923,liquidity,stress,False,,0.5848,0.1881,,0
2019-12-31,0.2595,3.2595,Neutral,Neutral,0.0998,0.1169,0.136,0.3995,0.1863,49.7487,improving,1,,22,0.0905,0.5595,0.6923,liquidity,credit,True,,0.5834,0.1855,bear_steepening,0
2020-01-31,0.1906,3.1906,Neutral,Neutral,-0.0688,0.01,-0.0826,0.1687,0.1726,40.0,flat,1,,23,0.1594,0.4906,0.6923,liquidity,stress,False,,0.582,0.1846,,0
2020-02-29,-0.0093,2.9907,Neutral,Neutral,-0.1999,-0.169,-0.1118,-0.082,0.1539,23.3831,deteriorating,1,,24,0.3593,0.2907,0.6923,growth,credit,False,,0.5806,0.1832,,0
2020-03-31,-1.5118,1.4882,Contraction,Neutral,-1.5024,-1.7712,-1.6543,-1.6081,-0.1218,3.9604,deteriorating,2,,25,0.5118,,0.0769,growth,inflation,False,confirmed,0.5906,0.2411,,1
2020-04-30,-1.6502,1.3498,Contraction,Contraction,-0.1384,-1.8408,-1.8307,-1.8481,-0.4269,3.4483,deteriorating,3,deterioration,1,0.6502,,0.1538,growth,inflation,False,confirmed,0.6022,0.2937,bull_steepening,1
2020-05-31,-1.3821,1.6179,Contraction,Contraction,0.2681,-1.3728,-1.5417,-1.497,-0.6839,4.902,deteriorating,4,deterioration,2,0.3821,,0.1538,growth,inflation,False,confirmed,0.6098,0.3264,bull_steepening,0
2020-06-30,-1.1489,1.8511,Contraction,Contraction,0.2332,0.3629,-1.4084,-1.2723,-0.9186,5.8537,improving,1,,3,0.1489,,0.3077,growth,stress,False,confirmed,0.6146,0.3476,,0
2020-07-31,-0.3364,2.6636,Slowdown,Contraction,0.8125,1.3138,-0.527,-0.6096,-1.0064,14.0777,improving,2,,4,0.0364,0.6636,0.3846,growth,stress,True,confirmed,0.6139,0.3505,,0
2020-08-31,0.106,3.106,Neutral,Contraction,0.4424,1.4881,0.1153,0.0035,-0.9872,33.8164,improving,3,,5,0.244,0.406,0.5385,credit,growth,False,,0.6124,0.3503,,0
2020-09-30,0.099,3.099,Neutral,Neutral,-0.007,1.2479,1.6108,-0.0436,-0.7188,33.1731,improving,4,improvement,1,0.251,0.399,0.5385,liquidity,credit,False,confirmed,0.6109,0.3503,,0
2020-10-31,-0.0007,2.9993,Neutral,Neutral,-0.0997,0.3357,1.6494,-0.1813,-0.4438,25.8373,improving,5,improvement,2,0.3507,0.2993,0.4615,inflation,credit,False,confirmed,0.6095,0.3505,bear_steepening,0
2020-11-30,-0.1341,2.8659,Neutral,Neutral,-0.1334,-0.2401,1.2479,-0.2938,-0.2359,20.0,deteriorating,1,,3,0.4841,0.1659,0.5385,growth,credit,False,confirmed,0.6082,0.3515,,0
2020-12-31,-0.1233,2.8767,Neutral,Neutral,0.0108,-0.2224,1.0256,-0.3828,-0.0649,20.8531,deteriorating,2,,4,0.4733,0.1767,0.5385,growth,credit,False,confirmed,0.607,0.352,bear_steepening,0
2021-01-31,0.0022,3.0022,Neutral,Neutral,0.1255,0.0029,0.3386,-0.1884,-0.0085,26.8868,flat,1,,5,0.3478,0.3022,0.6154,growth,credit,False,confirmed,0.6056,0.352,bear_steepening,0
2021-02-28,-0.02,2.98,Neutral,Neutral,-0.0222,0.1141,-0.126,-0.0107,-0.0295,25.3521,improving,1,,6,0.37,0.28,0.6923,growth,credit,False,,0.6042,0.3521,bear_steepening,0
2021-03-31,0.4792,3.4792,Expansion,Neutral,0.4992,0.6025,0.3802,1.991,0.0339,83.1776,improving,2,,7,,0.1292,0.8462,inflation,growth,False,confirmed,0.6033,0.3533,bear_steepening,0
2021-04-30,0.5924,3.5924,Expansion,Expansion,0.1132,0.5903,0.5932,2.2426,0.1327,86.0465,improving,3,improvement,1,,0.2424,0.8462,inflation,growth,False,confirmed,0.6029,0.3552,bear_steepening,0
2021-05-31,0.4257,3.4257,Expansion,Expansion,-0.1667,0.4458,0.5598,1.8078,0.226,76.8519,improving,4,improvement,2,,0.0757,0.8462,inflation,growth,False,confirmed,0.6019,0.3558,,0
2021-06-30,0.3184,3.3184,Neutral,Expansion,-0.1073,-0.1608,0.4417,1.4672,0.2996,64.0553,deteriorating,1,,3,0.0316,0.6184,0.7692,inflation,growth,False,confirmed,0.6006,0.3561,flattening,0
2021-07-31,0.297,3.297,Neutral,Neutral,-0.0213,-0.2954,0.2948,0.6334,0.3488,57.3394,deteriorating,2,,1,0.053,0.597,0.7692,inflation,growth,False,confirmed,0.5994,0.3564,flattening,0
2021-08-31,0.1542,3.1542,Neutral,Neutral,-0.1428,-0.2715,0.1743,0.0482,0.3778,38.8128,deteriorating,3,,2,0.1958,0.4542,0.7692,inflation,growth,False,,0.598,0.3547,flattening,0
2021-09-30,0.0883,3.0883,Neutral,Neutral,-0.0659,-0.23,-0.3909,-0.0107,0.3127,32.7273,deteriorating,4,deterioration,3,0.2617,0.3883,0.7692,inflation,growth,False,narrow,0.5967,0.3515,,0
2021-10-31,0.2301,3.2301,Neutral,Neutral,0.1418,-0.0669,-0.3623,0.2308,0.2523,47.9638,flat,1,,4,0.1199,0.5301,0.7692,inflation,growth,False,narrow,0.5954,0.3508,,0
2021-11-30,0.1757,3.1757,Neutral,Neutral,-0.0544,0.0214,-0.25,0.3098,0.2106,40.991,flat,2,,5,0.1743,0.4757,0.7692,inflation,growth,False,narrow,0.594,0.35,,0
2021-12-31,0.0744,3.0744,Neutral,Neutral,-0.1013,-0.014,-0.244,0.1977,0.17,30.9417,flat,3,,6,0.2756,0.3744,0.6923,inflation,growth,False,,0.5927,0.3496,flattening,0
2022-01-31,-0.062,2.938,Neutral,Neutral,-0.1363,-0.2921,-0.359,-0.0641,0.1101,22.3214,deteriorating,1,,7,0.412,0.238,0.6154,inflation,growth,False,confirmed,0.5915,0.3501,flattening,0
2022-02-28,-0.2738,2.7262,Neutral,Neutral,-0.2119,-0.4495,-0.4281,-0.2538,0.0388,13.7778,deteriorating,2,,8,0.6238,0.0262,0.4615,inflation,growth,True,confirmed,0.5907,0.3522,flattening,0
2022-03-31,-0.4937,2.5063,Slowdown,Neutral,-0.2199,-0.5681,-0.5821,-0.9729,-0.0582,11.5044,deteriorating,3,deterioration,9,0.1937,0.5063,0.4615,inflation,growth,False,confirmed,0.5907,0.3568,flattening,0
2022-04-30,-0.3303,2.6697,Slowdown,Slowdown,0.1634,-0.2683,-0.5604,-0.9227,-0.1516,13.6564,deteriorating,4,deterioration,1,0.0303,0.6697,0.3846,inflation,growth,False,confirmed,0.5901,0.3591,flattening,0
2022-05-31,-0.4187,2.5813,Slowdown,Slowdown,-0.0884,-0.1449,-0.5944,-0.8444,-0.2507,12.2807,deteriorating,5,deterioration,2,0.1187,0.5813,0.3077,inflation,growth,False,confirmed,0.5898,0.3627,,0
2022-06-30,-0.52,2.48,Slowdown,Slowdown,-0.1013,-0.0263,-0.5944,-0.8384,-0.3498,11.3537,flat,1,,3,0.22,0.48,0.2308,stress,growth,False,confirmed,0.5899,0.3675,,0
2022-07-31,-0.3913,2.6087,Slowdown,Slowdown,0.1287,-0.061,-0.3293,-0.6883,-0.4046,13.0435,flat,2,,4,0.0913,0.6087,0.3846,inflation,growth,False,confirmed,0.5895,0.3707,flattening,0
2022-08-31,-0.3402,2.6598,Slowdown,Slowdown,0.0511,0.0786,-0.0663,-0.4944,-0.4157,14.2857,flat,3,,5,0.0402,0.6598,0.3846,inflation,growth,True,,0.5889,0.3731,flattening,0
2022-09-30,-0.4675,2.5325,Slowdown,Slowdown,-0.1273,0.0525,0.0263,-0.5558,-0.4113,12.069,flat,4,,6,0.1675,0.5325,0.4615,stress,growth,False,,0.5888,0.377,flattening,0
2022-10-31,-0.5942,2.4058,Slowdown,Slowdown,-0.1267,-0.2029,-0.2639,-0.8243,-0.4553,11.1588,deteriorating,1,,7,0.2942,0.4058,0.3077,stress,growth,False,narrow,0.5892,0.3823,,0
2022-11-30,-0.4628,2.5372,Slowdown,Slowdown,0.1314,-0.1226,-0.0441,-0.6385,-0.4627,12.8205,deteriorating,2,,8,0.1628,0.5372,0.3846,inflation,credit,False,,0.589,0.3857,flattening,0
2022-12-31,-0.3246,2.6754,Slowdown,Slowdown,0.1382,0.1429,0.1954,-0.3989,-0.4301,16.5957,improving,1,,9,0.0246,0.6754,0.3846,inflation,credit,True,,0.5883,0.3874,,0
2023-01-31,-0.1957,2.8043,Neutral,Slowdown,0.1289,0.3985,0.1956,-0.1337,-0.3975,19.9153,improving,2,,10,0.5457,0.1043,0.5385,inflation,credit,False,,0.5874,0.3874,flattening,0
2023-02-28,-0.1668,2.8332,Neutral,Neutral,0.0289,0.296,0.1734,0.107,-0.3686,21.097,improving,3,,1,0.5168,0.1332,0.5385,liquidity,credit,False,,0.5863,0.3877,,0
2023-03-31,-0.2834,2.7166,Neutral,Neutral,-0.1166,0.0411,0.184,0.2103,-0.3379,17.2269,flat,1,,2,0.6334,0.0166,0.4615,liquidity,credit,False,,0.5856,0.3887,,0
2023-04-30,-0.1493,2.8507,Neutral,Neutral,0.1342,0.0464,0.4449,0.181,-0.2638,22.1757,flat,2,,3,0.4993,0.1507,0.6154,liquidity,credit,False,confirmed,0.5845,0.3889,,0
2023-05-31,-0.2726,2.7274,Neutral,Neutral,-0.1234,-0.1058,0.1902,0.1461,-0.2321,17.9167,deteriorating,1,,4,0.6226,0.0274,0.4615,liquidity,credit,True,,0.5837,0.3899,,0
2023-06-30,-0.1222,2.8778,Neutral,Neutral,0.1505,0.1613,0.2024,0.3978,-0.1983,25.3112,improving,1,,5,0.4722,0.1778,0.4615,liquidity,credit,False,,0.5826,0.3903,flattening,0
2023-07-31,0.0223,3.0223,Neutral,Neutral,0.1444,0.1715,0.2179,0.4136,-0.162,33.4711,improving,2,,6,0.3277,0.3223,0.6154,liquidity,credit,False,,0.5814,0.3899,flattening,0
2023-08-31,0.0443,3.0443,Neutral,Neutral,0.022,0.3169,0.2111,0.3844,-0.1268,33.7449,improving,3,,7,0.3057,0.3443,0.5385,liquidity,credit,False,,0.5802,0.3893,,0
2023-09-30,0.1581,3.1581,Neutral,Neutral,0.1139,0.2803,0.4416,0.6256,-0.0532,44.6721,improving,4,improvement,8,0.1919,0.4581,0.6154,liquidity,credit,False,confirmed,0.5791,0.3887,bear_steepening,0
2023-10-31,0.1515,3.1515,Neutral,Neutral,-0.0067,0.1292,0.3007,0.7457,-0.0031,43.6735,improving,5,improvement,9,0.1985,0.4515,0.6154,liquidity,credit,False,narrow,0.5779,0.3877,bear_steepening,0
2023-11-30,0.2384,3.2384,Neutral,Neutral,0.087,0.1942,0.5111,0.7013,0.0821,53.252,improving,6,improvement,10,0.1116,0.5384,0.6154,liquidity,credit,False,confirmed,0.5768,0.3871,bear_steepening,0
2023-12-31,0.344,3.344,Neutral,Neutral,0.1056,0.1859,0.4662,0.6686,0.1598,73.2794,improving,7,improvement,11,0.006,0.644,0.7692,liquidity,credit,True,confirmed,0.5759,0.3864,,0
2024-01-31,0.305,3.305,Neutral,Neutral,-0.0391,0.1535,0.2827,0.5006,0.2069,64.1129,improving,8,improvement,12,0.045,0.605,0.7692,liquidity,credit,True,confirmed,0.5749,0.3861,,0
2024-02-29,0.2139,3.2139,Neutral,Neutral,-0.0911,-0.0245,0.1697,0.3807,0.2352,51.004,flat,1,,13,0.1361,0.5139,0.6154,liquidity,credit,False,,0.5738,0.386,,0
2024-03-31,0.2622,3.2622,Neutral,Neutral,0.0483,-0.0819,0.104,0.5456,0.2525,57.2,flat,2,,14,0.0878,0.5622,0.6923,liquidity,credit,False,,0.5728,0.3857,,0
2024-04-30,0.21,3.21,Neutral,Neutral,-0.0522,-0.095,0.0585,0.3592,0.2623,50.5976,flat,3,,15,0.14,0.51,0.6923,liquidity,credit,False,,0.5717,0.3841,,0
2024-05-31,0.3316,3.3316,Neutral,Neutral,0.1216,0.1177,0.0932,0.6042,0.2778,70.2381,improving,1,,16,0.0184,0.6316,0.7692,liquidity,credit,True,,0.5708,0.3823,,0
2024-06-30,0.2226,3.2226,Neutral,Neutral,-0.109,-0.0396,-0.1214,0.3448,0.2575,50.9881,flat,1,,17,0.1274,0.5226,0.6154,liquidity,credit,False,,0.5697,0.38,,0
2024-07-31,0.2427,3.2427,Neutral,Neutral,0.0201,0.0327,-0.0623,0.2204,0.2472,54.3307,flat,2,,18,0.1073,0.5427,0.6923,liquidity,credit,False,,0.5687,0.3766,,0
2024-08-31,0.0756,3.0756,Neutral,Neutral,-0.1671,-0.256,-0.1383,0.0314,0.2241,35.2941,deteriorating,1,,19,0.2744,0.3756,0.5385,liquidity,credit,False,,0.5676,0.3747,bull_steepening,0
2024-09-30,0.1969,3.1969,Neutral,Neutral,0.1213,-0.0257,-0.0652,0.0388,0.2132,48.0469,flat,1,,20,0.1531,0.4969,0.6154,liquidity,stress,False,,0.5665,0.3732,bull_steepening,0
2024-10-31,0.1597,3.1597,Neutral,Neutral,-0.0372,-0.083,-0.0503,0.0083,0.2049,44.358,flat,2,,21,0.1903,0.4597,0.5385,liquidity,credit,False,,0.5654,0.3717,bear_steepening,0
2024-11-30,0.075,3.075,Neutral,Neutral,-0.0847,-0.0007,-0.2566,-0.1635,0.1621,34.8837,flat,3,,22,0.275,0.375,0.5385,liquidity,credit,False,confirmed,0.5643,0.3708,,0
2024-12-31,0.1432,3.1432,Neutral,Neutral,0.0682,-0.0538,-0.0795,-0.2009,0.1489,42.0849,flat,4,,23,0.2068,0.4432,0.6154,inflation,credit,False,,0.5632,0.3704,,0
2025-01-31,0.2164,3.2164,Neutral,Neutral,0.0733,0.0567,-0.0263,-0.0886,0.1445,51.5385,flat,5,,24,0.1336,0.5164,0.6923,liquidity,credit,False,,0.5622,0.3702,bear_steepening,0
2025-02-28,0.1263,3.1263,Neutral,Neutral,-0.0901,0.0513,0.0507,-0.0876,0.1529,40.2299,flat,6,,25,0.2237,0.4263,0.4615,growth,credit,False,,0.5611,0.3696,,0
2025-03-31,0.0539,3.0539,Neutral,Neutral,-0.0724,-0.0893,-0.1431,-0.2083,0.1291,31.6794,flat,7,,26,0.2961,0.3539,0.6154,growth,credit,False,,0.5601,0.3692,,0
2025-04-30,-0.0694,2.9306,Neutral,Neutral,-0.1233,-0.2858,-0.2291,-0.2794,0.0909,25.4753,deteriorating,1,,27,0.4194,0.2306,0.6154,stress,inflation,False,,0.5591,0.3683,bull_steepening,0
2025-05-31,0.05,3.05,Neutral,Neutral,0.1194,-0.0763,-0.025,-0.2816,0.0867,31.8182,flat,1,,28,0.3,0.35,0.4615,liquidity,stress,False,,0.558,0.3679,bear_steepening,0
2025-06-30,0.1328,3.1328,Neutral,Neutral,0.0829,0.079,-0.0103,-0.0898,0.085,41.5094,flat,2,,29,0.2172,0.4328,0.6923,liquidity,stress,False,,0.557,0.3677,,0
2025-07-31,0.2356,3.2356,Neutral,Neutral,0.1027,0.305,0.0192,-0.0071,0.0882,54.5113,improving,1,,30,0.1144,0.5356,0.6154,inflation,stress,False,,0.556,0.368,,0
2025-08-31,0.2022,3.2022,Neutral,Neutral,-0.0334,0.1522,0.0759,0.1265,0.1008,50.5618,improving,2,,31,0.1478,0.5022,0.6923,inflation,stress,False,,0.555,0.3682,,0
2025-09-30,0.248,3.248,Neutral,Neutral,0.0459,0.1152,0.1941,0.0511,0.1332,57.4627,improving,3,,32,0.102,0.548,0.6154,inflation,stress,False,,0.554,0.368,,0
2025-10-31,0.2823,3.2823,Neutral,Neutral,0.0343,0.0467,0.3517,0.1226,0.1918,63.197,flat,1,,33,0.0677,0.5823,0.6923,inflation,credit,True,narrow,0.5531,0.3683,,0
2025-11-30,0.1847,3.1847,Neutral,Neutral,-0.0976,-0.0175,0.1347,0.1097,0.2143,47.037,flat,2,,34,0.1653,0.4847,0.6154,inflation,stress,False,,0.5521,0.3682,,0
2025-12-31,0.1899,3.1899,Neutral,Neutral,0.0051,-0.0582,0.057,0.0467,0.2238,47.6015,flat,3,,35,0.1601,0.4899,0.6154,inflation,stress,False,,0.5512,0.3679,,0
2026-01-31,0.2403,3.2403,Neutral,Neutral,0.0504,-0.042,0.0047,0.0238,0.2246,55.8824,flat,4,,36,0.1097,0.5403,0.6154,inflation,stress,False,,0.5502,0.3674,bear_steepening,0
2026-02-28,0.1673,3.1673,Neutral,Neutral,-0.073,-0.0174,-0.0349,0.041,0.2187,44.6886,flat,5,,37,0.1827,0.4673,0.6154,inflation,credit,False,,0.5492,0.3664,,0
2026-03-31,-0.0833,2.9167,Neutral,Neutral,-0.2506,-0.2732,-0.3313,-0.1372,0.1635,24.0876,deteriorating,1,,38,0.4333,0.2167,0.4615,inflation,credit,False,confirmed,0.5483,0.3664,,0
2026-04-30,0.0149,3.0149,Neutral,Neutral,0.0982,-0.2254,-0.2674,0.0843,0.1189,29.4545,deteriorating,2,,39,0.3351,0.3149,0.5385,inflation,credit,False,confirmed,0.5473,0.3665,flattening,0
2026-05-31,0.0606,3.0606,Neutral,Neutral,0.0457,-0.1066,-0.1241,0.0107,0.0983,33.3333,deteriorating,3,,40,0.2894,0.3606,0.6154,inflation,credit,False,,0.5463,0.3664,,0
